"subject","delta_rt","sess","trial","tgt_word","N","rt_mean","rt_median","sd","se","ci","delta","cond_order"
"r9747","D1-2","rand",10,1,15,591.32666666666,553.900000000023,115.232823118271,29.7529869915686,63.8138104253078,-69.95,"rand-struct"
"r9747","D2-3","rand",7,1,8,654.637499999997,623.850000000006,107.871867608882,38.1384645427489,90.1831381762955,108.55,"rand-struct"
"r9747","D1-3","rand",3,1,15,545.360000000004,515.300000000017,117.518611291998,30.343174960222,65.079637723845,38.6000000000058,"rand-struct"
"r9747","D1-2","rand",5,2,12,535.858333333323,515.5,73.8649315037983,21.3229690436956,46.9315384342675,-50.1,"rand-struct"
"r9747","D2-3","rand",9,2,13,637.223076923088,565.600000000093,137.659205733104,38.1797942161811,83.18662547227,40.2,"rand-struct"
"r9747","D1-3","rand",8,2,17,561.594117647044,525.399999999907,111.140173151916,26.9554513620463,57.1430041853027,-9.89999999990687,"rand-struct"
"r9747","D1-2","rand",4,3,12,588.841666666662,545.149999999965,161.719192419983,46.6843096384031,102.751472723248,66.7,"rand-struct"
"r9747","D2-3","rand",2,3,12,503.041666666668,478.450000000012,99.8053055461042,28.811310011798,63.4132657787671,-125.15,"rand-struct"
"r9747","D1-3","rand",6,3,16,630.131250000002,603.600000000006,126.25084933708,31.5627123342701,67.2743288615139,-58.4500000000407,"rand-struct"
"r9747","D1-2","rand",12,4,15,594.653333333329,586.699999999953,166.545943325235,43.0019776584694,92.2300692360239,-30.3,"rand-struct"
"r9747","D2-3","rand",11,4,13,602.923076923068,617,148.297264269241,41.1302607949064,89.6151399075012,171.5,"rand-struct"
"r9747","D1-3","rand",1,4,15,456.293333333335,445.5,109.480177375157,28.2676602475879,60.6281013976098,141.199999999953,"rand-struct"
"r9747","D1-2","struct",8,1,12,599.733333333323,600.999999999971,118.357504146873,34.1668684399046,75.2007704030333,73.6,"rand-struct"
"r9747","D2-3","struct",9,1,11,556.445454545467,527.400000000023,133.975799035782,40.3952233081589,90.0061664875704,60.65,"rand-struct"
"r9747","D1-3","struct",1,1,14,467.799999999997,466.75,70.0408891565925,18.7192150206414,40.4404054041811,134.249999999971,"rand-struct"
"r9747","D1-2","struct",11,2,11,618.83636363637,593.199999999953,150.699291788151,45.437546093962,101.241161790874,134.8,"rand-struct"
"r9747","D2-3","struct",3,2,17,502.182352941175,458.399999999994,114.231340025923,27.7051694519251,58.7323355369589,-8.9,"rand-struct"
"r9747","D1-3","struct",2,2,15,474.960000000001,467.300000000017,65.6057684745957,16.9393365811499,36.3312636014094,125.899999999936,"rand-struct"
"r9747","D1-2","struct",5,3,13,606.5923076923,601.699999999953,75.0138149669606,20.805088940888,45.3303947067746,76.85,"rand-struct"
"r9747","D2-3","struct",10,3,12,516.291666666657,524.849999999977,101.720709059239,29.3642393787556,64.6302551100195,-11.65,"rand-struct"
"r9747","D1-3","struct",7,3,11,539.954545454545,536.5,64.9198792919021,19.5740800951275,43.6137683518448,65.1999999999534,"rand-struct"
"r9747","D1-2","struct",4,4,18,671.344444444435,656.950000000012,88.4808867511059,20.8551450090353,44.0005098180354,214.55,"rand-struct"
"r9747","D2-3","struct",12,4,17,476.688235294108,442.400000000023,144.539358317861,35.0559436119729,74.3152806322229,-63.7,"rand-struct"
"r9747","D1-3","struct",6,4,11,557.418181818174,506.099999999977,133.839663913072,40.3541770242663,89.9147096676997,150.850000000035,"rand-struct"
"h9453","D1-2","rand",7,1,11,542.345454545453,510.099999999977,160.222485086432,48.3088969100008,107.638930101772,-49.4,"rand-struct"
"h9453","D2-3","rand",11,1,13,551.692307692326,559.5,164.629515688678,45.6600123284869,99.4846206640712,81.2,"rand-struct"
"h9453","D1-3","rand",8,1,18,512.366666666665,478.299999999988,110.909358858269,26.1415865819114,55.1539265997952,31.7999999999884,"rand-struct"
"h9453","D1-2","rand",3,2,11,547.58181818182,521.5,142.076013585564,42.8375298884319,95.4479646675384,25.9,"rand-struct"
"h9453","D2-3","rand",6,2,15,540.199999999996,495.600000000035,121.822874933826,31.4545310537213,67.4632594787185,72.8,"rand-struct"
"h9453","D1-3","rand",9,2,13,422.576923076932,422.79999999993,68.1332659064344,18.8967679838824,41.172520522528,98.7000000000698,"rand-struct"
"h9453","D1-2","rand",2,3,10,522.930000000003,521.30000000001,152.545549117487,48.2391382132346,109.124512036281,-11.45,"rand-struct"
"h9453","D2-3","rand",4,3,12,571.316666666661,532.750000000015,123.144784212687,35.5488371572466,78.242463041614,1.75,"rand-struct"
"h9453","D1-3","rand",5,3,15,547.160000000002,531,139.762987129738,36.0866481046451,77.3981624664171,-9.69999999998981,"rand-struct"
"h9453","D1-2","rand",1,4,10,473.780000000001,443.5,85.3395154010644,26.9867243082381,61.0482116943413,-203.4,"rand-struct"
"h9453","D2-3","rand",10,4,11,649.363636363647,646.900000000023,133.806279917859,40.3441113709823,89.8922819945469,81.95,"rand-struct"
"h9453","D1-3","rand",12,4,10,588.649999999988,564.950000000012,157.807042864959,49.9029686269095,112.888357924257,-121.450000000012,"rand-struct"
"h9453","D1-2","struct",7,1,15,625.486666666662,621.299999999988,169.724726149918,43.8227358545497,93.9904204889765,201.1,"rand-struct"
"h9453","D2-3","struct",1,1,13,481.430769230769,420.200000000001,142.051659526946,39.3980417068581,85.840958734667,-38.6,"rand-struct"
"h9453","D1-3","struct",3,1,17,513.470588235291,458.799999999988,143.595293989329,34.8269743799779,73.829887543958,162.5,"rand-struct"
"h9453","D1-2","struct",8,2,8,504.250000000007,494.300000000017,125.689913221842,44.4380949829565,105.079397091283,49.25,"rand-struct"
"h9453","D2-3","struct",2,2,14,519.714285714286,445.050000000003,130.48021870202,34.8723052953067,75.3370353385821,-33.45,"rand-struct"
"h9453","D1-3","struct",9,2,15,519.306666666665,478.5,107.580079586383,27.7770571081153,59.5758623150184,15.8000000000175,"rand-struct"
"h9453","D1-2","struct",12,3,10,616.129999999981,568.799999999988,118.124971957639,37.3543959929657,84.501514457488,37,"rand-struct"
"h9453","D2-3","struct",4,3,15,530.813333333338,531.800000000017,123.133138551424,31.7928396650609,68.1888592847279,10.4,"rand-struct"
"h9453","D1-3","struct",11,3,11,595.690909090896,521.399999999907,141.270778680852,42.5947424296114,94.9070004977654,47.4000000000815,"rand-struct"
"h9453","D1-2","struct",10,4,13,560.546153846143,569.599999999977,149.468567572937,41.4551218811061,90.3229514099726,176.8,"rand-struct"
"h9453","D2-3","struct",6,4,3,408.833333333333,392.799999999988,40.6923006640794,23.4937107423515,101.085278657523,-46.65,"rand-struct"
"h9453","D1-3","struct",5,4,2,439.449999999983,439.449999999983,41.0829039869631,29.0500000000175,369.115247586097,130.149999999994,"rand-struct"
"q7907","D1-2","rand",8,1,16,620.231249999997,605,104.797905314628,26.1994763286571,55.8428619146203,95.3,"struct-rand"
"q7907","D2-3","rand",4,1,18,545.966666666666,509.699999999997,127.138113876208,29.9667408230447,63.2242966053532,17.6,"struct-rand"
"q7907","D1-3","rand",3,1,15,543.079999999997,492.099999999977,140.171722234857,36.1921830549876,77.6245124230217,112.900000000023,"struct-rand"
"q7907","D1-2","rand",2,2,15,546.799999999999,510,106.786128045066,27.5720597016342,59.1361866065401,-1.55,"struct-rand"
"q7907","D2-3","rand",5,2,16,541.837499999998,511.549999999988,112.941116664094,28.2352791660236,60.1820729471744,3.65,"struct-rand"
"q7907","D1-3","rand",1,2,19,559.600000000001,507.900000000001,138.826094249044,31.8488902925282,66.9120355727913,2.09999999999854,"struct-rand"
"q7907","D1-2","rand",12,3,12,609.275000000004,618.849999999977,118.291743544979,34.1478849893018,75.1589881099693,85.85,"struct-rand"
"q7907","D2-3","rand",10,3,15,577.360000000009,533,126.862359609589,32.7557204019011,70.254033071155,-11.25,"struct-rand"
"q7907","D1-3","rand",9,3,16,566.081250000007,544.25,92.3995470317338,23.0998867579335,49.2362431326795,74.5999999999767,"struct-rand"
"q7907","D1-2","rand",6,4,15,625.786666666662,606.200000000012,114.539630488234,29.5740054241122,63.4299331420447,125.8,"struct-rand"
"q7907","D2-3","rand",7,4,15,522.106666666665,480.399999999965,113.419943236667,29.2849034188934,62.8098710098011,-61.25,"struct-rand"
"q7907","D1-3","rand",11,4,18,578.938888888884,541.650000000023,124.374596133623,29.3153734444742,61.8500315631528,64.5499999999884,"struct-rand"
"q7907","D1-2","struct",8,1,18,622.999999999994,615.25,108.938363576939,25.677018538873,54.1737737056292,89.95,"struct-rand"
"q7907","D2-3","struct",4,1,13,548.123076923071,525.300000000017,81.4917700736905,22.6017504253087,49.2449837995993,62,"struct-rand"
"q7907","D1-3","struct",1,1,17,491.723529411764,463.299999999996,95.6140191696002,23.1898059015349,49.1601924185762,151.950000000004,"struct-rand"
"q7907","D1-2","struct",10,2,17,536.864705882343,520.600000000093,89.9005974755839,21.8040975998805,46.2226220467241,24.95,"struct-rand"
"q7907","D2-3","struct",2,2,16,561.343749999997,495.649999999994,139.898081801244,34.9745204503109,74.5464257199862,47.8,"struct-rand"
"q7907","D1-3","struct",9,2,18,455.638888888889,447.849999999977,94.0490806715403,22.1675809024023,46.7695075107686,72.7500000001164,"struct-rand"
"q7907","D1-2","struct",12,3,17,614.923529411762,611.099999999977,125.442185534887,30.4241988746275,64.496420418884,115.65,"struct-rand"
"q7907","D2-3","struct",7,3,18,516.394444444446,495.450000000012,110.782996530426,26.1118026956101,55.0910880925081,15.4,"struct-rand"
"q7907","D1-3","struct",6,3,16,500.29374999999,480.049999999988,96.6261763619591,24.1565440904898,51.4884549239691,131.049999999988,"struct-rand"
"q7907","D1-2","struct",5,4,18,686.555555555556,678.000000000029,103.295391516258,24.3469572688217,51.3675897186022,190.1,"struct-rand"
"q7907","D2-3","struct",3,4,17,503.094117647056,487.899999999994,95.759695792307,23.2251376722763,49.2350924266017,81.4,"struct-rand"
"q7907","D1-3","struct",11,4,17,422.229411764721,406.5,64.8332839356536,15.7243810424918,33.3341986989526,271.500000000029,"struct-rand"
"q5570","D1-2","rand",8,1,16,535.025000000001,543.75,118.29093794539,29.5727344863475,63.0327914818852,4.95,"rand-struct"
"q5570","D2-3","rand",4,1,15,551.546666666671,538.800000000047,93.6909117918124,24.1908894040452,51.8842975626879,25.7,"rand-struct"
"q5570","D1-3","rand",3,1,17,606.370588235297,513.100000000006,164.322361399422,39.8540266294551,84.4867622470868,30.6499999999942,"rand-struct"
"q5570","D1-2","rand",2,2,15,565.43333333333,506.700000000012,131.322773928897,33.9073944269587,72.7241281889194,37.6,"rand-struct"
"q5570","D2-3","rand",5,2,18,500.366666666665,469.100000000006,85.6547172561758,20.1890104708194,42.5950887923748,-16.8,"rand-struct"
"q5570","D1-3","rand",1,2,18,526.988888888891,485.900000000001,150.462658603344,35.4643887379269,74.8233198176146,20.8000000000102,"rand-struct"
"q5570","D1-2","rand",12,3,14,617.471428571452,632.649999999965,121.609219213846,32.5014309550929,70.2150727255722,99.75,"rand-struct"
"q5570","D2-3","rand",10,3,18,566.172222222234,532.900000000023,130.256099803225,30.7016571539239,64.7748345286464,3.4,"rand-struct"
"q5570","D1-3","rand",9,3,14,530.142857142849,529.499999999942,63.7917249792174,17.0490556416815,36.8322454305787,103.150000000023,"rand-struct"
"q5570","D1-2","rand",6,4,14,554.899999999998,551.150000000023,127.37317674395,34.0419134029187,73.5430827216862,28.15,"rand-struct"
"q5570","D2-3","rand",7,4,18,546.966666666665,523,126.357192118222,29.7826757994953,62.8359533513345,-1.6,"rand-struct"
"q5570","D1-3","rand",11,4,11,559.481818181812,524.599999999977,134.093234864249,40.4306315427017,90.0850609506354,26.5500000000466,"rand-struct"
"q5570","D1-2","struct",8,1,15,587.659999999994,602.900000000023,115.867836039906,29.9169466229098,64.1654688599644,89.4,"rand-struct"
"q5570","D2-3","struct",4,1,17,526.56470588236,513.5,169.145794882606,41.0238810841202,86.966742904849,163.7,"rand-struct"
"q5570","D1-3","struct",1,1,16,326.593750000001,349.799999999996,78.1264997189385,19.5316249297346,41.6306730805268,253.100000000028,"rand-struct"
"q5570","D1-2","struct",10,2,17,509.364705882357,529.099999999977,101.790667187456,24.6878630891749,52.3359317891906,48.75,"rand-struct"
"q5570","D2-3","struct",2,2,18,535.583333333331,480.350000000006,175.39822337956,41.3417577199198,87.2234844524976,-3.05,"rand-struct"
"q5570","D1-3","struct",9,2,17,504.87647058823,483.399999999907,110.422600321511,26.7814143871148,56.774062279885,45.7000000000698,"rand-struct"
"q5570","D1-2","struct",12,3,16,521.61250000001,501.250000000058,141.515628701083,35.3789071752707,75.4083556211322,137.35,"rand-struct"
"q5570","D2-3","struct",7,3,17,366.323529411765,363.900000000023,128.062170104073,31.0596384697006,65.8434921838147,-6.7,"rand-struct"
"q5570","D1-3","struct",6,3,15,408.680000000001,370.599999999977,96.7076315499525,24.9698030962753,53.55490128082,130.650000000081,"rand-struct"
"q5570","D1-2","struct",5,4,16,601.606249999993,547.599999999977,126.95758067823,31.7393951695574,67.6509194104953,87.45,"rand-struct"
"q5570","D2-3","struct",3,4,16,465.706249999997,460.150000000009,156.578097526443,39.1445243816107,83.4345787043376,73.75,"rand-struct"
"q5570","D1-3","struct",11,4,12,387.475000000006,386.399999999965,122.545287547077,35.3757773766126,77.8615610326299,161.200000000012,"rand-struct"
"l1982","D1-2","rand",8,1,17,472.01176470589,468,67.5870446382976,16.3922661157081,34.7500518049345,-89.7,"rand-struct"
"l1982","D2-3","rand",4,1,17,562.552941176467,557.700000000012,82.4340806163298,19.993201266577,42.3836933134137,93.1,"rand-struct"
"l1982","D1-3","rand",3,1,17,464.86470588235,464.599999999977,64.4085004209158,15.6213559072397,33.1157951687787,3.40000000002328,"rand-struct"
"l1982","D1-2","rand",2,2,17,435.05294117647,437.199999999997,34.6846529038246,8.41226397119736,17.8332029709893,-56.55,"rand-struct"
"l1982","D2-3","rand",5,2,18,506.016666666669,493.749999999971,61.9643279732549,14.6051321671853,30.814135362642,89.55,"rand-struct"
"l1982","D1-3","rand",1,2,19,422.657894736843,404.199999999997,93.8692845029698,21.5350907921534,45.2435468838268,33,"rand-struct"
"l1982","D1-2","rand",12,3,18,494.37222222222,491.049999999988,78.3382995922583,18.4645142894364,38.9567198849788,37.1,"rand-struct"
"l1982","D2-3","rand",10,3,18,480.100000000009,453.950000000012,77.3490560419876,18.2313473485559,38.4647806408734,-2.7,"rand-struct"
"l1982","D1-3","rand",9,3,16,477.887499999997,456.649999999965,88.7824147377682,22.195603684442,47.3088093866289,34.4000000000233,"rand-struct"
"l1982","D1-2","rand",6,4,18,532.633333333328,504.549999999988,81.876413324136,19.2984556935764,40.7161824504335,60.6,"rand-struct"
"l1982","D2-3","rand",7,4,16,476.937499999996,443.949999999983,96.5297113155645,24.1324278288911,51.4370523291441,2.3,"rand-struct"
"l1982","D1-3","rand",11,4,18,457.288888888893,441.650000000081,87.9351491584336,20.7265134248596,43.7291208979402,62.8999999999069,"rand-struct"
"l1982","D1-2","struct",8,1,17,532.405882352936,531.900000000023,134.293724120839,32.5710123181046,69.0474616141508,44.85,"rand-struct"
"l1982","D2-3","struct",4,1,16,509.043750000003,487.050000000017,96.8116450898344,24.2029112724586,51.5872842329055,110.25,"rand-struct"
"l1982","D1-3","struct",1,1,17,379.476470588235,376.799999999988,54.4971390236655,13.2174976757966,28.0198433653659,155.100000000035,"rand-struct"
"l1982","D1-2","struct",10,2,17,513.564705882345,458.600000000093,145.836183529568,35.3704699252572,74.9820466304988,-10.7,"rand-struct"
"l1982","D2-3","struct",2,2,17,474.858823529415,469.300000000003,77.5109674402881,18.7991709353011,39.852462086711,44.95,"rand-struct"
"l1982","D1-3","struct",9,2,18,431.383333333335,424.349999999977,37.2052218030052,8.76935487748486,18.5017215280661,34.2500000001164,"rand-struct"
"l1982","D1-2","struct",12,3,17,559.776470588226,553.599999999977,87.0724592610429,21.1181733303277,44.7685275528346,170.65,"rand-struct"
"l1982","D2-3","struct",7,3,18,417.183333333333,382.950000000012,79.1674639794812,18.6599502097443,39.3690536341126,35.05,"rand-struct"
"l1982","D1-3","struct",6,3,12,334.699999999992,347.899999999994,59.3436371713793,17.1310324477937,37.7051481946422,205.699999999983,"rand-struct"
"l1982","D1-2","struct",5,4,18,519.122222222223,518.350000000006,59.1794932244381,13.9487403220612,29.4292696226364,28.15,"rand-struct"
"l1982","D2-3","struct",3,4,17,530.282352941181,490.199999999983,92.3724068329803,22.4035994273473,47.4935091476638,87.85,"rand-struct"
"l1982","D1-3","struct",11,4,18,407.127777777767,402.349999999977,70.547721066767,16.6282573211893,35.0825563284661,116.000000000029,"rand-struct"
"u0807","D1-2","rand",8,1,14,655.178571428567,622.400000000023,133.405628866197,35.6541540488877,77.0261168799129,39.95,"struct-rand"
"u0807","D2-3","rand",4,1,12,600.475000000001,582.449999999997,116.893386740379,33.7442141505225,74.2705145842543,36.4,"struct-rand"
"u0807","D1-3","rand",3,1,14,541.92142857143,546.049999999988,84.7804601814116,22.6585310779909,48.9507803423796,76.3500000000349,"struct-rand"
"u0807","D1-2","rand",2,2,7,623.814285714285,654.399999999994,91.5914011351782,34.6182956622344,84.7079179223617,75.65,"struct-rand"
"u0807","D2-3","rand",5,2,14,619.65,578.75,148.608746766085,39.7173582197528,85.8041358154589,170.85,"struct-rand"
"u0807","D1-3","rand",1,2,11,419.545454545454,407.900000000001,113.357587868094,34.178598736201,76.1546637505785,246.499999999993,"struct-rand"
"u0807","D1-2","rand",12,3,3,503.833333333372,552.400000000023,310.511776480936,179.274057737817,771.354013898881,36.7,"struct-rand"
"u0807","D2-3","rand",10,3,12,548.833333333353,515.70000000007,134.109597875862,38.7141062172706,85.2091732704241,-24.9,"struct-rand"
"u0807","D1-3","rand",9,3,12,561.800000000003,540.600000000035,82.9674854166493,23.9506500196444,52.7150252677858,11.7999999999884,"struct-rand"
"u0807","D1-2","rand",6,4,7,600.39999999999,598,68.6128996617818,25.9332384623003,63.4563485319712,10.1,"struct-rand"
"u0807","D2-3","rand",7,4,10,625.889999999996,587.899999999994,140.320945217266,44.3733790314273,100.379557213503,82.2,"struct-rand"
"u0807","D1-3","rand",11,4,8,559.025000000009,505.699999999953,151.423792714344,53.5363953306493,126.593458741712,92.3000000000466,"struct-rand"
"u0807","D1-2","struct",8,1,11,597.763636363639,605.099999999977,151.448415460365,45.6634153796265,101.744429921733,-5,"struct-rand"
"u0807","D2-3","struct",4,1,14,613.564285714283,610.100000000006,152.564269469233,40.7745161298091,88.087986629276,203.4,"struct-rand"
"u0807","D1-3","struct",1,1,17,419.152941176469,406.699999999997,89.1538986643805,21.6229965369914,45.8387049438109,198.39999999998,"struct-rand"
"u0807","D1-2","struct",10,2,9,686.799999999995,646.900000000023,178.267025834849,59.4223419449495,137.02816624857,152.05,"struct-rand"
"u0807","D2-3","struct",2,2,16,526.425000000001,494.849999999991,90.3978207701959,22.599455192549,48.169598500057,-113.35,"struct-rand"
"u0807","D1-3","struct",9,2,8,647.699999999997,608.200000000012,174.074081109952,61.544481590832,145.529573721387,38.7000000000116,"struct-rand"
"u0807","D1-2","struct",12,3,14,554.892857142841,542.349999999977,155.254101713636,41.4934040359843,89.6410495292872,34.35,"struct-rand"
"u0807","D2-3","struct",7,3,15,558.659999999994,508,195.434284899773,50.4609153796518,108.227899566424,-3,"struct-rand"
"u0807","D1-3","struct",6,3,16,533.562500000004,511,95.1499439481401,23.787485987035,50.7018261970753,31.3499999999767,"struct-rand"
"u0807","D1-2","struct",5,4,15,561.773333333332,531.600000000035,144.43456979677,37.292845562635,79.9851987173141,121.15,"struct-rand"
"u0807","D2-3","struct",3,4,10,439.089999999997,410.449999999997,146.917508600353,46.4593955334492,105.098454385267,-66.85,"struct-rand"
"u0807","D1-3","struct",11,4,12,539.558333333349,477.300000000047,184.662160608546,53.3073740682409,117.328739247652,54.2999999999884,"struct-rand"
"x0805","D1-2","rand",8,1,15,634.026666666664,654.799999999988,132.0158403194,34.0863433995077,73.1079355630589,29.1,"struct-rand"
"x0805","D2-3","rand",4,1,13,635.507692307699,625.700000000012,148.756145315849,41.2575314982052,89.8924389486892,103.4,"struct-rand"
"x0805","D1-3","rand",3,1,18,532.888888888891,522.300000000003,131.763298866203,31.0569073799339,65.524346989511,132.499999999985,"struct-rand"
"x0805","D1-2","rand",2,2,17,548.423529411765,519.100000000006,84.3623029662216,20.460863879417,43.3750937646209,15.1,"struct-rand"
"x0805","D2-3","rand",5,2,15,513.51333333333,504,66.2432084569284,17.1039228768687,36.6842660974807,29.35,"struct-rand"
"x0805","D1-3","rand",1,2,18,474.227777777777,474.649999999994,123.205274932698,29.039761794288,61.2685418101576,44.4500000000116,"struct-rand"
"x0805","D1-2","rand",12,3,14,521.392857142857,509.399999999965,166.759552669689,44.5683651472614,96.2840991339323,-11.8,"struct-rand"
"x0805","D2-3","rand",10,3,16,541.343750000015,521.200000000012,63.6614375034065,15.9153593758516,33.9227855090794,-0.65,"struct-rand"
"x0805","D1-3","rand",9,3,16,555.324999999997,521.850000000035,114.733764283529,28.6834410708823,61.1373074356226,-12.4500000000698,"struct-rand"
"x0805","D1-2","rand",6,4,18,523.077777777776,517.899999999994,85.363634326097,20.1204015662373,42.4503366567093,-6.6,"struct-rand"
"x0805","D2-3","rand",7,4,14,549.685714285713,524.500000000029,89.6631976397697,23.963497555044,51.7699890171398,-8.05,"struct-rand"
"x0805","D1-3","rand",11,4,16,514.100000000006,532.550000000047,132.094011976292,33.0235029940729,70.3879304495086,-14.6500000000524,"struct-rand"
"x0805","D1-2","struct",8,1,13,709.961538461534,711.799999999988,153.013662453507,42.4383542940507,92.4652308058409,242.45,"struct-rand"
"x0805","D2-3","struct",4,1,18,487.444444444449,469.349999999991,88.6698385102679,20.8996813657755,44.0944733172658,79.25,"struct-rand"
"x0805","D1-3","struct",1,1,17,396.794117647058,390.099999999999,60.0847471346552,14.5726917014536,30.8927263618291,321.69999999999,"struct-rand"
"x0805","D1-2","struct",10,2,15,572.3,583,91.5567427492824,23.6398493267311,50.7024341403556,50.1,"struct-rand"
"x0805","D2-3","struct",2,2,16,519.537500000002,532.900000000009,119.065717848033,29.7664294620083,63.4456425497346,10.2,"struct-rand"
"x0805","D1-3","struct",9,2,18,538.727777777777,522.700000000012,67.3403279710007,15.8722675185403,33.487557266154,60.2999999999884,"struct-rand"
"x0805","D1-2","struct",12,3,15,539.473333333339,543.699999999953,45.0141321724286,11.622598949853,24.9279955066522,55.8,"struct-rand"
"x0805","D2-3","struct",7,3,17,500.799999999992,487.899999999965,82.2188922936884,19.9410104322447,42.2730536871418,-18.4,"struct-rand"
"x0805","D1-3","struct",6,3,18,511.39444444444,506.300000000017,82.5124837059154,19.4483789203324,41.0324928097225,37.399999999936,"struct-rand"
"x0805","D1-2","struct",5,4,18,536.711111111107,496.550000000017,112.997391374836,26.6337405658457,56.1922807417924,61.5,"struct-rand"
"x0805","D2-3","struct",3,4,16,443.281249999996,435.050000000017,110.048311928596,27.512077982149,58.6406061124565,-18.85,"struct-rand"
"x0805","D1-3","struct",11,4,17,473.205882352927,453.899999999907,91.3880836774419,22.1648659955811,46.9874168805613,42.6500000001106,"struct-rand"
"s3165","D1-2","rand",8,1,17,579.217647058821,549.300000000047,104.145176528329,25.2589154838176,53.5465087867267,28.65,"struct-rand"
"s3165","D2-3","rand",4,1,14,540.957142857138,520.649999999965,116.269360434404,31.0742936660622,67.1319300578809,47.65,"struct-rand"
"s3165","D1-3","rand",3,1,15,479.640000000002,473,58.9373856611534,15.2175675423101,32.6384362872367,76.3000000000466,"struct-rand"
"s3165","D1-2","rand",2,2,13,555.515384615384,578.099999999991,97.4428708368316,27.0257897869701,58.88413751974,92.55,"struct-rand"
"s3165","D2-3","rand",5,2,16,501.837499999998,485.549999999988,76.759180775543,19.1897951938858,40.902080245393,36.95,"struct-rand"
"s3165","D1-3","rand",1,2,17,496.258823529412,448.599999999999,148.795623502606,36.0882395488754,76.503650259227,129.499999999993,"struct-rand"
"s3165","D1-2","rand",12,3,16,577.137500000012,532.650000000023,130.638615398868,32.6596538497171,69.6124043561191,28.05,"struct-rand"
"s3165","D2-3","rand",10,3,15,517.293333333335,504.599999999977,77.0790175883304,19.9017167641088,42.6849371823712,-11.9,"struct-rand"
"s3165","D1-3","rand",9,3,13,529.961538461547,516.5,133.457206240199,37.0143692445546,80.6473825920757,16.1500000000233,"struct-rand"
"s3165","D1-2","rand",6,4,16,517.768749999996,518.449999999983,52.0518167310279,13.012954182757,27.7364552792275,38.75,"struct-rand"
"s3165","D2-3","rand",7,4,11,505.009090909089,479.700000000012,75.3056764732171,22.7055157677777,50.5910418365725,-23.75,"struct-rand"
"s3165","D1-3","rand",11,4,14,504.457142857153,503.449999999953,93.8914652816948,25.093549616163,54.2113180701525,15.0000000000291,"struct-rand"
"s3165","D1-2","struct",8,1,15,562.399999999996,522.099999999977,149.558631598808,38.615872630917,82.8228095611203,37.7,"struct-rand"
"s3165","D2-3","struct",4,1,18,521.861111111118,484.399999999994,136.491900810741,32.1714495467721,67.8758254152584,44.55,"struct-rand"
"s3165","D1-3","struct",1,1,18,475.133333333332,439.849999999995,104.119755711449,24.5412617730176,51.7775363883977,82.2499999999818,"struct-rand"
"s3165","D1-2","struct",10,2,13,496.961538461538,505.800000000047,106.185722035052,29.4506204245804,64.1673896227354,-13.8,"struct-rand"
"s3165","D2-3","struct",2,2,18,541.744444444444,519.600000000006,134.272708550316,31.6483809147377,66.7722470671163,63.1,"struct-rand"
"s3165","D1-3","struct",9,2,17,480.323529411772,456.5,96.6755238504653,23.4472586027875,49.7059677642604,49.3000000000466,"struct-rand"
"s3165","D1-2","struct",12,3,15,578.419999999995,550.599999999977,147.349905230466,38.0455819348556,81.5996576679645,-9.75,"struct-rand"
"s3165","D2-3","struct",7,3,16,563.524999999998,560.349999999977,114.218699578185,28.5546748945462,60.8628488275877,107.45,"struct-rand"
"s3165","D1-3","struct",6,3,17,498.752941176487,452.900000000023,112.554637385845,27.2985093291137,57.870254587629,97.6999999999534,"struct-rand"
"s3165","D1-2","struct",5,4,16,590.118749999998,616.099999999977,119.934677880644,29.9836694701611,63.9086786663893,166.25,"struct-rand"
"s3165","D2-3","struct",3,4,16,475.69375,449.850000000006,112.846825202722,28.2117063006804,60.1318285740511,-31.95,"struct-rand"
"s3165","D1-3","struct",11,4,17,490.799999999992,481.79999999993,98.8786883003512,23.9816044696984,50.8387303991418,134.300000000047,"struct-rand"
"r5762","D1-2","rand",5,1,13,609.069230769241,607.799999999988,91.3802803728787,25.3443297269761,55.2205507684521,81.85,"rand-struct"
"r5762","D2-3","rand",12,1,12,528.900000000004,525.950000000012,126.25395043326,36.4463761344483,80.2179330110387,-28.85,"rand-struct"
"r5762","D1-3","rand",7,1,14,547.392857142857,554.800000000017,113.349075964376,30.293814811865,65.4458080042413,52.9999999999709,"rand-struct"
"r5762","D1-2","rand",11,2,10,549.609999999998,519.749999999942,96.9810571423386,30.668103046073,69.3760689751076,-58.95,"rand-struct"
"r5762","D2-3","rand",3,2,15,618.886666666668,578.700000000012,136.756493012043,35.3103746614249,75.7332215192143,53.45,"rand-struct"
"r5762","D1-3","rand",8,2,14,562.957142857149,525.25,165.592115727791,44.2563545003155,95.6100411117875,-5.50000000005821,"rand-struct"
"r5762","D1-2","rand",4,3,13,656.492307692312,610.100000000035,118.020700596255,32.7330528896908,71.3191955902343,29.1,"rand-struct"
"r5762","D2-3","rand",9,3,13,601.215384615397,581,120.735777948871,33.4860798598223,72.9599004138422,-31,"rand-struct"
"r5762","D1-3","rand",10,3,15,603.319999999988,612,94.5060557394493,24.4013586663091,52.3357092346076,-1.89999999996508,"rand-struct"
"r5762","D1-2","rand",1,4,12,517.516666666666,480.549999999996,107.334310648666,30.984746573145,68.1969673966924,-108.55,"rand-struct"
"r5762","D2-3","rand",6,4,14,595.428571428576,589.100000000006,103.973705467158,27.7881416493894,60.032630240689,126.6,"rand-struct"
"r5762","D1-3","rand",2,4,15,488.17333333333,462.5,103.944981784093,26.8384788914416,57.562812250327,18.0499999999956,"rand-struct"
"r5762","D1-2","struct",4,1,15,549.433333333331,532.900000000023,138.996704311732,35.8887947318036,76.9738091861869,1.8,"rand-struct"
"r5762","D2-3","struct",1,1,11,534.90909090909,531.099999999999,83.0571063130123,25.0426598011746,55.7985232600719,131.1,"rand-struct"
"r5762","D1-3","struct",3,1,15,415.493333333331,400,147.011828808176,37.9582909779709,81.4124371856624,132.900000000023,"rand-struct"
"r5762","D1-2","struct",2,2,8,704.6,693.050000000003,82.4831064954639,29.1621819681373,68.9576027112193,229.15,"rand-struct"
"r5762","D2-3","struct",11,2,9,538.122222222233,463.900000000023,143.130332020987,47.7101106736624,110.019712504514,-176.8,"rand-struct"
"r5762","D1-3","struct",9,2,11,678.827272727265,640.699999999953,121.359087759514,36.5911417271018,81.5301445206917,52.3500000000495,"rand-struct"
"r5762","D1-2","struct",7,3,17,653.658823529402,680.299999999988,125.274663533896,30.3835688214098,64.4102885537604,131.5,"rand-struct"
"r5762","D2-3","struct",12,3,9,533.177777777762,548.79999999993,47.4829384563077,15.8276461521026,36.4986174772969,58.7,"rand-struct"
"r5762","D1-3","struct",8,3,15,499.746666666667,490.099999999977,35.7129401651299,9.22104150024333,19.7771670584595,190.200000000012,"rand-struct"
"r5762","D1-2","struct",10,4,11,578.900000000002,574.800000000047,109.582170082548,33.0402674433381,73.6183035705189,-2.3,"rand-struct"
"r5762","D2-3","struct",6,4,11,576.654545454552,577.100000000035,133.973097028,40.3944086221596,90.0043512540431,40.7,"rand-struct"
"r5762","D1-3","struct",5,4,15,546.079999999997,536.399999999965,115.626252580089,29.8545700418037,64.0316843991703,38.4000000000815,"rand-struct"
"g9126","D1-2","rand",1,1,17,581.958823529412,578.700000000004,81.3937041393839,19.7408729074678,41.8487810877943,-49.5,"rand-struct"
"g9126","D2-3","rand",2,1,12,595.999999999999,628.199999999997,175.458179425395,50.6504135613867,111.480808601117,-16.65,"rand-struct"
"g9126","D1-3","rand",6,1,16,664.700000000008,644.850000000006,137.976031734978,34.4940079337446,73.5222375349152,-66.1500000000015,"rand-struct"
"g9126","D1-2","rand",4,2,11,619.881818181817,636.400000000023,125.668562641433,37.8904972931734,84.4252891400004,31.6,"rand-struct"
"g9126","D2-3","rand",8,2,12,591.683333333334,604.800000000017,89.0229064835673,25.6986995111652,56.5624562577289,84.95,"rand-struct"
"g9126","D1-3","rand",7,2,14,518.707142857149,519.850000000006,108.281310726957,28.9393975807915,62.5197674704572,116.550000000017,"rand-struct"
"g9126","D1-2","rand",3,3,14,664.635714285716,657.650000000009,175.346898404902,46.8634298331857,101.242284945958,18.75,"rand-struct"
"g9126","D2-3","rand",10,3,16,637.662499999991,638.900000000023,136.238726139074,34.0596815347685,72.5964927291929,-56.8,"rand-struct"
"g9126","D1-3","rand",9,3,18,715.794444444441,695.700000000012,96.3465282027915,22.7090944786583,47.9120012895618,-38.0500000000029,"rand-struct"
"g9126","D1-2","rand",5,4,15,602.186666666674,610,82.5909011476535,21.3248789795417,45.7373165567792,-3.35,"rand-struct"
"g9126","D2-3","rand",12,4,12,622.833333333333,613.349999999977,98.7843871850297,28.5165962665046,62.7646051989012,61.3,"rand-struct"
"g9126","D1-3","rand",11,4,12,565.816666666661,552.049999999988,104.052328035922,30.0373198006735,66.1116951302091,57.9500000000116,"rand-struct"
"g9126","D1-2","struct",3,1,17,658.205882352943,638,100.784134853832,24.4437431405203,51.8184206163922,211.6,"rand-struct"
"g9126","D2-3","struct",8,1,13,454.276923076921,426.399999999965,110.688415186103,30.6994428117954,66.8883398619753,-28.65,"rand-struct"
"g9126","D1-3","struct",2,1,18,481.988888888888,455.049999999996,104.544023312944,24.6412626057023,51.9885197029923,182.950000000004,"rand-struct"
"g9126","D1-2","struct",5,2,15,660.993333333335,622.199999999953,116.940066863732,30.1937954311745,64.7592504984965,79.2,"rand-struct"
"g9126","D2-3","struct",6,2,18,533.327777777776,542.999999999971,95.3597634074401,22.4765117859152,47.4212947012781,45.35,"rand-struct"
"g9126","D1-3","struct",4,2,18,496.622222222221,497.650000000009,49.2621147304146,11.6111917938219,24.4974733238159,124.549999999945,"rand-struct"
"g9126","D1-2","struct",11,3,13,703.869230769225,739.70000000007,149.88909446993,41.571755057246,90.5770732705111,135.7,"rand-struct"
"g9126","D2-3","struct",7,3,17,612.047058823525,604,114.540413815636,27.7801308566956,58.8912466161689,100.5,"rand-struct"
"g9126","D1-3","struct",12,3,14,561.042857142847,503.5,138.711381121908,37.0721759860288,80.0895670270892,236.20000000007,"rand-struct"
"g9126","D1-2","struct",9,4,16,689.824999999997,687.449999999953,164.585817533999,41.1464543834997,87.7015914971065,179.45,"rand-struct"
"g9126","D2-3","struct",10,4,15,545.413333333346,508,106.692414154382,27.5478628791057,59.0842895836909,107.15,"rand-struct"
"g9126","D1-3","struct",1,4,18,437.444444444445,400.850000000006,112.106625832534,26.4237851140425,55.7493134589269,286.599999999948,"rand-struct"
"r6364","D1-2","rand",9,1,4,678.274999999965,698.299999999988,138.113464827544,69.0567324137721,219.769342925175,113.7,"struct-rand"
"r6364","D2-3","rand",12,1,4,632.075000000012,584.600000000035,172.748051122601,86.3740255613005,274.880698520041,-6.8,"struct-rand"
"r6364","D1-3","rand",8,1,7,551.485714285718,591.400000000023,79.7273986483889,30.1341242145349,73.73554566442,106.899999999965,"struct-rand"
"r6364","D1-2","rand",2,2,7,693.242857142861,730.600000000006,124.832525904943,47.1822598680725,115.450830834988,85.1,"struct-rand"
"r6364","D2-3","rand",3,2,9,634.233333333334,645.5,187.695744490923,62.5652481636412,144.275720985431,190.1,"struct-rand"
"r6364","D1-3","rand",11,2,11,466.74545454544,455.400000000023,263.959672539713,79.586835781755,177.33052091198,275.199999999983,"struct-rand"
"r6364","D1-2","rand",10,3,6,593.283333333345,662.900000000023,262.425802212129,107.13488512671,275.398989669703,227.3,"struct-rand"
"r6364","D2-3","rand",4,3,9,479.455555555556,435.600000000006,257.847794789443,85.9492649298142,198.19936034591,-161.95,"struct-rand"
"r6364","D1-3","rand",5,3,6,616.183333333329,597.550000000017,190.526506467372,77.7821205533569,199.945306231733,65.3500000000058,"struct-rand"
"r6364","D1-2","rand",6,4,7,637.285714285723,556.099999999977,211.722518315636,80.0235900593557,195.810670887404,39.6,"struct-rand"
"r6364","D2-3","rand",7,4,7,465.442857142854,516.5,206.560127300692,78.072389659925,191.036255506078,31.7,"struct-rand"
"r6364","D1-3","rand",1,4,9,525.255555555555,484.799999999999,158.31925112815,52.7730837093833,121.694949261314,71.2999999999774,"struct-rand"
"r6364","D1-2","struct",8,1,9,678.222222222222,729.900000000023,125.141657510381,41.7138858367938,96.192393235081,276.7,"struct-rand"
"r6364","D2-3","struct",9,1,9,489.56666666669,453.20000000007,195.901212349478,65.3004041164927,150.583001923135,-55.8,"struct-rand"
"r6364","D1-3","struct",7,1,10,480.570000000001,509,167.535887034534,52.9794992845801,119.847953788075,220.900000000023,"struct-rand"
"r6364","D1-2","struct",2,2,13,584.930769230771,566.400000000009,142.043727918646,39.3958418745181,85.8361657117415,71.4,"struct-rand"
"r6364","D2-3","struct",6,2,10,553.479999999999,495,161.791022962047,51.1628137528669,115.738325599958,-182.7,"struct-rand"
"r6364","D1-3","struct",1,2,13,654.338461538461,677.700000000012,154.158552246604,42.7558895904942,93.1570807836043,-111.300000000003,"struct-rand"
"r6364","D1-2","struct",4,3,12,581.958333333331,624.699999999997,127.969843452801,36.9417117828143,81.3081594223568,283.25,"struct-rand"
"r6364","D2-3","struct",10,3,14,383.399999999998,341.449999999953,186.538368913538,49.8544761401501,107.704047637552,-111.55,"struct-rand"
"r6364","D1-3","struct",5,3,9,444.877777777774,453,192.190385931355,64.0634619771184,147.73060823473,171.699999999997,"struct-rand"
"r6364","D1-2","struct",11,4,12,450.99999999999,369.150000000023,231.91455715022,66.9479659998362,147.351479663959,-53.55,"struct-rand"
"r6364","D2-3","struct",3,4,7,456.528571428569,422.699999999983,209.740527909177,79.2744680998691,193.977635486783,166.3,"struct-rand"
"r6364","D1-3","struct",12,4,4,319.225000000035,256.400000000023,225.512340756204,112.756170378102,358.84045781773,112.75,"struct-rand"
"x5767","D1-2","struct",8,1,13,511.930769230763,473.399999999965,146.556197324979,40.6473757070946,88.5630236829217,-120.1,"struct-rand"
"x5767","D2-3","struct",4,1,16,565.331249999999,593.5,86.557962997828,21.639490749457,46.1234827240751,147.8,"struct-rand"
"x5767","D1-3","struct",1,1,17,457.070588235295,445.700000000004,67.8965275686629,16.4673267516623,34.9091732448568,27.6999999999607,"struct-rand"
"x5767","D1-2","struct",10,2,17,537.252941176473,527.599999999977,86.6751414596932,21.0218096090393,44.5642455894226,129.75,"struct-rand"
"x5767","D2-3","struct",2,2,18,426.861111111111,397.849999999999,127.350489681907,30.0167982805013,63.329908608882,-100.25,"struct-rand"
"x5767","D1-3","struct",9,2,14,524.178571428563,498.100000000035,110.346853000125,29.4914369739411,63.7123760725503,29.4999999999418,"struct-rand"
"x5767","D1-2","struct",12,3,17,581.982352941181,562.29999999993,146.88520277456,35.6248944635164,75.5214025574062,222.05,"struct-rand"
"x5767","D2-3","struct",7,3,18,353.272222222217,340.25,129.126029660742,30.4352970669352,64.2128638678046,-33.15,"struct-rand"
"x5767","D1-3","struct",6,3,17,383.470588235287,373.399999999965,124.209524416941,30.1252346399285,63.8626445534681,188.899999999965,"struct-rand"
"x5767","D1-2","struct",5,4,17,564.400000000006,520.200000000012,123.632434053532,29.9852696679367,63.5659320676374,NA,"struct-rand"
"x5767","D2-3","struct",3,4,0,NA,NA,NA,NA,NA,NA,"struct-rand"
"x5767","D1-3","struct",11,4,18,443.583333333333,420,112.588361377404,26.5373312708814,55.9888749094287,100.200000000012,"struct-rand"
"k5002","D1-2","rand",8,1,12,522.833333333343,499.450000000012,106.968502869126,30.8791469631505,67.964544222183,-63.35,"struct-rand"
"k5002","D2-3","rand",4,1,6,561.083333333338,562.800000000003,107.816926624105,44.0160759773586,113.146925383386,110.7,"struct-rand"
"k5002","D1-3","rand",3,1,16,511.112500000001,452.099999999991,153.94515419461,38.4862885486526,82.031582237308,47.3500000000204,"struct-rand"
"k5002","D1-2","rand",2,2,13,509.807692307691,494.300000000003,154.471725900128,42.8427483340253,93.3463297283787,-28.25,"struct-rand"
"k5002","D2-3","rand",5,2,16,546.312500000004,522.549999999988,127.805914704028,31.9514786760071,68.1029647039381,76.2,"struct-rand"
"k5002","D1-3","rand",1,2,14,455.3,446.35,77.1151686166161,20.6098957347628,44.5249727583478,47.9500000000025,"struct-rand"
"k5002","D1-2","rand",12,3,11,535.390909090903,514,93.7969877399523,28.280855890817,63.0136737777543,-12,"struct-rand"
"k5002","D2-3","rand",10,3,15,535.806666666657,526,195.897190480346,50.5804370866135,108.484248132433,-242.3,"struct-rand"
"k5002","D1-3","rand",9,3,1,768.29999999993,768.29999999993,NA,NA,NA,-254.29999999993,"struct-rand"
"k5002","D1-2","rand",6,4,10,543.959999999998,522.149999999994,96.3399328765884,30.4653617517757,68.9174363040178,-109.15,"struct-rand"
"k5002","D2-3","rand",7,4,4,570.624999999985,631.299999999959,308.32085425196,154.16042712598,490.607281728034,159.5,"struct-rand"
"k5002","D1-3","rand",11,4,9,502.777777777778,471.800000000047,104.644837160955,34.8816123869849,80.437142406976,50.3499999999476,"struct-rand"
"k5002","D1-2","struct",8,1,14,450.69285714287,459.600000000035,74.9620259176077,20.0344441430112,43.2817851762159,-144.55,"struct-rand"
"k5002","D2-3","struct",4,1,10,602.690000000002,604.150000000009,64.1309155815756,20.2799761669761,45.8764933475018,136.9,"struct-rand"
"k5002","D1-3","struct",1,1,18,485.855555555554,467.249999999996,106.80591645995,25.1743959332247,53.1133327024613,-7.64999999996144,"struct-rand"
"k5002","D1-2","struct",10,2,8,506.512499999997,513.600000000035,77.0324317136372,27.2350774180012,64.4007245566127,-2.2,"struct-rand"
"k5002","D2-3","struct",2,2,13,545.469230769232,515.799999999988,120.498356728871,33.4202310611612,72.8164282065012,12.8,"struct-rand"
"k5002","D1-3","struct",9,2,15,530.239999999998,503,107.074972399163,27.6466389931719,59.2961432782243,10.6000000000349,"struct-rand"
"k5002","D1-2","struct",12,3,12,531.474999999996,545.700000000012,137.407040477289,39.6659959040563,87.3042683450836,51.05,"struct-rand"
"k5002","D2-3","struct",7,3,16,520.256250000009,494.650000000023,93.8619480496001,23.4654870124,50.0155016289189,-43.15,"struct-rand"
"k5002","D1-3","struct",6,3,9,543.077777777786,537.800000000047,64.5038327888054,21.5012775962685,49.5820350491677,7.89999999996508,"struct-rand"
"k5002","D1-2","struct",5,4,14,508.028571428577,545.100000000006,187.984551036972,50.2409845704908,108.539048335919,-221.5,"struct-rand"
"k5002","D2-3","struct",3,4,3,782.5,766.600000000006,29.288735035836,16.9098590571636,72.7572512319835,328,"struct-rand"
"k5002","D1-3","struct",11,4,17,465.064705882345,438.599999999977,96.3294603248238,23.3633258692938,49.5280383177489,106.500000000029,"struct-rand"
"y7212","D1-2","rand",8,1,13,608.084615384609,599.599999999977,111.940503886029,31.0467097355657,67.644969490805,91.2,"rand-struct"
"y7212","D2-3","rand",4,1,15,531.126666666662,508.399999999965,151.740735027432,39.179289313501,84.0312181616772,10.3,"rand-struct"
"y7212","D1-3","rand",3,1,17,542.247058823528,498.100000000006,113.398275547112,27.5031216378612,58.3040133052286,101.499999999971,"rand-struct"
"y7212","D1-2","rand",2,2,16,584.40625,585.799999999996,134.199396266651,33.5498490666628,71.5098105467375,17.5,"rand-struct"
"y7212","D2-3","rand",5,2,15,571.820000000003,568.299999999988,104.676612205667,27.0273850539974,57.9679756730423,115.95,"rand-struct"
"y7212","D1-3","rand",1,2,18,484.272222222221,452.349999999999,164.188341656612,38.6995632590547,81.6489414192995,133.449999999997,"rand-struct"
"y7212","D1-2","rand",12,3,11,575.500000000011,512.099999999977,145.880252261915,43.9845510068333,98.0036869854973,-149.55,"rand-struct"
"y7212","D2-3","rand",10,3,14,643.971428571419,661.649999999965,172.373714882567,46.0688131125729,99.5256198888446,158.35,"rand-struct"
"y7212","D1-3","rand",9,3,16,548.368749999987,503.299999999988,110.88982351115,27.7224558777876,59.0890159825112,8.79999999998836,"rand-struct"
"y7212","D1-2","rand",6,4,10,623.15,614.049999999988,141.689803992938,44.8062501840505,101.358779791978,89.05,"rand-struct"
"y7212","D2-3","rand",7,4,12,551.358333333347,525,141.070468904633,40.7235365983983,89.6318997195234,-60.6,"rand-struct"
"y7212","D1-3","rand",11,4,11,617.618181818186,585.599999999977,159.374350622567,48.0531747474181,107.069145616008,28.4500000000116,"rand-struct"
"y7212","D1-2","struct",8,1,14,619.471428571431,577.149999999994,136.079571905957,36.3687953864971,78.5700056262968,39.95,"rand-struct"
"y7212","D2-3","struct",4,1,17,566.782352941174,537.199999999983,153.243638674227,37.1670416886956,78.790608632243,60.2,"rand-struct"
"y7212","D1-3","struct",1,1,17,433.15294117647,477,106.240394375485,25.7670804539649,54.6237703998205,100.149999999994,"rand-struct"
"y7212","D1-2","struct",10,2,14,542.392857142841,507.199999999953,127.041377052948,33.9532362054355,73.3515072837004,-35,"rand-struct"
"y7212","D2-3","struct",2,2,16,560.362499999999,542.200000000004,101.027236426618,25.2568091066545,53.8336142926688,63.3,"rand-struct"
"y7212","D1-3","struct",9,2,15,542.946666666679,478.900000000023,179.942379137118,46.4609225116667,99.6487681114033,28.2999999999302,"rand-struct"
"y7212","D1-2","struct",12,3,15,572.666666666667,595.100000000093,97.4878429539251,25.1712528145491,53.9869679548584,43.4,"rand-struct"
"y7212","D2-3","struct",7,3,11,581.24545454545,551.700000000012,139.74448370964,42.1345471806189,93.8816215839857,46.5,"rand-struct"
"y7212","D1-3","struct",6,3,15,546.493333333339,505.199999999953,90.6184817688795,23.3975913832981,50.182842528238,89.9000000001397,"rand-struct"
"y7212","D1-2","struct",5,4,15,566.719999999999,557.200000000012,260.689175072539,67.3096555728328,144.364853240944,50.3,"rand-struct"
"y7212","D2-3","struct",3,4,17,527.100000000004,506.900000000023,94.1028227525568,22.8232869339746,48.38320691698,-49,"rand-struct"
"y7212","D1-3","struct",11,4,15,567.120000000003,555.900000000023,145.413907764807,37.5457095386693,80.5275380069665,1.29999999998836,"rand-struct"
"t0056","D1-2","rand",2,1,14,677.885714285713,652.550000000003,97.3006115653416,26.0046822857916,56.1797005314973,34,"struct-rand"
"t0056","D2-3","rand",8,1,10,615.179999999999,618.549999999988,88.6833543193689,28.0441390192937,63.4402499570039,-40.05,"struct-rand"
"t0056","D1-3","rand",6,1,10,681.960000000009,658.600000000006,101.767067364637,32.1815723668041,72.7997744396746,-6.05000000000291,"struct-rand"
"t0056","D1-2","rand",3,2,7,682.471428571419,710.299999999988,107.77497721776,40.735112467692,99.6752294549187,146.8,"struct-rand"
"t0056","D2-3","rand",4,2,11,568.563636363637,563.5,67.9392415725586,20.4844520761356,45.6422035324887,86.9,"struct-rand"
"t0056","D1-3","rand",10,2,18,525.488888888898,476.599999999977,104.426838385353,24.6136418533849,51.9302450094816,233.700000000012,"struct-rand"
"t0056","D1-2","rand",7,3,12,679.625,706.249999999971,134.167392902226,38.7307902042853,85.2458944782545,57.55,"struct-rand"
"t0056","D2-3","rand",9,3,6,617.366666666678,648.700000000012,76.7889488576658,31.3489570976591,80.5850596813845,35.7,"struct-rand"
"t0056","D1-3","rand",5,3,10,624.970000000001,613,124.511927585709,39.3741287028791,89.0704672741564,93.2499999999709,"struct-rand"
"t0056","D1-2","rand",1,4,13,653.484615384615,622.300000000003,134.11248914098,37.1961120213777,81.0433660859172,-39.55,"struct-rand"
"t0056","D2-3","rand",11,4,10,627.630000000005,661.849999999977,101.350010140883,32.0496872926354,72.5014296744777,-8.85,"struct-rand"
"t0056","D1-3","rand",12,4,5,652.579999999981,670.699999999953,148.11906359412,66.2408589920133,183.914108712472,-48.3999999999505,"struct-rand"
"t0056","D1-2","struct",5,1,14,720.571428571429,726.949999999983,131.733585628042,35.2072816965271,76.0607078564333,157.85,"struct-rand"
"t0056","D2-3","struct",10,1,15,577.886666666662,569.099999999977,124.533442821403,32.1543966728777,68.9643219420167,0.8,"struct-rand"
"t0056","D1-3","struct",1,1,11,598.418181818182,568.300000000003,129.219346989389,38.9610990562312,86.8107385232745,158.64999999998,"struct-rand"
"t0056","D1-2","struct",11,2,16,653.16874999999,637.349999999977,120.478876260538,30.1197190651344,64.1986615137688,11.7,"struct-rand"
"t0056","D2-3","struct",9,2,14,627.90714285714,625.649999999965,81.7283724794073,21.8428263283276,47.1885573682792,-57.95,"struct-rand"
"t0056","D1-3","struct",4,2,15,684.606666666657,683.599999999977,121.751230364371,31.4360325054315,67.4235840386008,-46.25,"struct-rand"
"t0056","D1-2","struct",2,3,15,666.666666666667,627,130.679119911918,33.7412036743933,72.367684475162,126.55,"struct-rand"
"t0056","D2-3","struct",6,3,14,568.699999999999,500.450000000012,150.909239152339,40.3321906719133,87.1324005740824,-84.75,"struct-rand"
"t0056","D1-3","struct",12,3,13,599.338461538463,585.199999999953,95.2776516158723,26.4252660236017,57.5757086395929,41.8000000000466,"struct-rand"
"t0056","D1-2","struct",3,4,16,635.8125,678.199999999997,164.07466542198,41.018666355495,87.4292177628879,70.8,"struct-rand"
"t0056","D2-3","struct",7,4,11,582.118181818175,607.399999999965,142.083544565729,42.8398005643875,95.4530240488553,132.5,"struct-rand"
"t0056","D1-3","struct",8,4,17,463.041176470603,474.900000000023,92.7297892994928,22.49027740724,47.677258256564,203.299999999974,"struct-rand"
"h4610","D1-2","rand",8,1,14,602.271428571428,567.999999999971,140.998420223413,37.6834128965992,81.4100640903586,39.7,"struct-rand"
"h4610","D2-3","rand",4,1,17,525.947058823528,528.299999999988,152.609125372831,37.0131496085477,78.4643719960293,-8.1,"struct-rand"
"h4610","D1-3","rand",3,1,18,527.350000000001,536.400000000009,99.5315985888207,23.4598227681642,49.4958995294815,31.5999999999622,"struct-rand"
"h4610","D1-2","rand",2,2,12,603.383333333335,601.25,120.296730351799,34.7266748256214,76.4328959505205,-43.75,"struct-rand"
"h4610","D2-3","rand",5,2,10,675.599999999994,645,100.886669089628,31.903165987093,72.1699754536425,189.9,"struct-rand"
"h4610","D1-3","rand",1,2,19,475.131578947368,455.099999999999,122.904457258617,28.1962162579487,59.2380521877271,146.150000000001,"struct-rand"
"h4610","D1-2","rand",12,3,16,600.212499999994,583.399999999965,130.536492343436,32.6341230858589,69.5579868210958,-55.4,"struct-rand"
"h4610","D2-3","rand",10,3,13,627.653846153855,638.800000000047,146.856810166601,40.7307507082123,88.7446822050306,47.6,"struct-rand"
"h4610","D1-3","rand",9,3,15,594.233333333333,591.20000000007,67.7300067143504,17.4878125362131,37.5076275284718,-7.80000000010477,"struct-rand"
"h4610","D1-2","rand",6,4,0,NA,NA,NA,NA,NA,NA,"struct-rand"
"h4610","D2-3","rand",7,4,13,593.569230769228,568.299999999988,148.014990145225,41.0519720389159,89.4445633615302,69.4,"struct-rand"
"h4610","D1-3","rand",11,4,15,540.779999999997,498.900000000023,96.8645239496999,25.0103125396998,53.6417853958119,NA,"struct-rand"
"h4610","D1-2","struct",8,1,18,607.611111111105,602.799999999988,98.8558063925183,23.3005370199381,49.1598359765472,106.3,"struct-rand"
"h4610","D2-3","struct",4,1,2,496.5,496.5,147.361053199293,104.200000000012,1323.98653350955,38.1,"struct-rand"
"h4610","D1-3","struct",1,1,18,453.555555555555,458.400000000001,112.955088535861,26.6237696910781,56.1712440348832,144.399999999987,"struct-rand"
"h4610","D1-2","struct",10,2,15,638.953333333336,625.600000000093,106.49732972285,27.4974922954772,58.9762554264618,-56.8,"struct-rand"
"h4610","D2-3","struct",2,2,9,669.766666666666,682.399999999994,139.56365931001,46.5212197700034,107.27812516437,NA,"struct-rand"
"h4610","D1-3","struct",9,2,0,NA,NA,NA,NA,NA,NA,"struct-rand"
"h4610","D1-2","struct",12,3,17,522.517647058826,516.300000000047,76.3710861132333,18.5227091051767,39.2663891879978,127.8,"struct-rand"
"h4610","D2-3","struct",7,3,17,397.835294117648,388.5,99.049835570143,24.0231137797506,50.9267262054885,-4.6,"struct-rand"
"h4610","D1-3","struct",6,3,17,446.323529411772,393.100000000035,103.852621111657,25.1879603729772,53.3960906712492,123.200000000012,"struct-rand"
"h4610","D1-2","struct",5,4,2,702.050000000017,702.050000000017,181.655732086799,128.449999999983,1632.11199836142,NA,"struct-rand"
"h4610","D2-3","struct",3,4,0,NA,NA,NA,NA,NA,NA,"struct-rand"
"h4610","D1-3","struct",11,4,18,444.272222222217,459.200000000012,107.644200442427,25.3719813627479,53.5302015196222,242.850000000006,"struct-rand"
"l6268","D1-2","rand",8,1,11,618.972727272702,590.700000000012,147.094521250187,44.3506668821663,98.8194439916556,83.75,"rand-struct"
"l6268","D2-3","rand",4,1,10,526.560000000006,506.950000000012,118.438330882455,37.4534887857217,84.7256779284027,-101.3,"rand-struct"
"l6268","D1-3","rand",3,1,16,617.874999999996,608.250000000015,111.901036635056,27.975259158764,59.6278534208644,-17.5500000000029,"rand-struct"
"l6268","D1-2","rand",2,2,12,595.050000000001,545.649999999987,159.465194264511,46.0336364174956,101.319350619962,-5.25,"rand-struct"
"l6268","D2-3","rand",5,2,11,561.345454545453,550.899999999965,119.738351113043,36.102471241618,80.4413188261663,6.3,"rand-struct"
"l6268","D1-3","rand",1,2,14,526.335714285715,544.600000000006,129.530362387434,34.618445517032,74.7886046304608,1.04999999998108,"rand-struct"
"l6268","D1-2","rand",12,3,9,669.433333333323,666.099999999977,152.89122767509,50.9637425583634,117.522601085066,140.6,"rand-struct"
"l6268","D2-3","rand",10,3,13,507.538461538444,525.5,145.50548980743,40.3559618740148,87.9280874846651,-14.55,"rand-struct"
"l6268","D1-3","rand",9,3,14,555.65714285714,540.049999999988,114.405404083536,30.5761303768585,66.055713702085,126.049999999988,"rand-struct"
"l6268","D1-2","rand",6,4,12,651.28333333333,652.75,126.732437071423,36.5845033291216,80.5219489167198,147.2,"rand-struct"
"l6268","D2-3","rand",7,4,12,549.999999999985,505.549999999988,138.298011554751,39.9231970997628,87.8703643599915,-31.75,"rand-struct"
"l6268","D1-3","rand",11,4,9,553.244444444452,537.300000000047,151.92679249487,50.6422641649567,116.781270580492,115.449999999953,"rand-struct"
"l6268","D1-2","struct",8,1,13,574.115384615394,542.599999999977,148.247567974165,41.1164775225911,89.5851087369458,-7.4,"rand-struct"
"l6268","D2-3","struct",4,1,11,554.481818181812,550,90.7690015168351,27.367883693322,60.9794449537324,134.9,"rand-struct"
"l6268","D1-3","struct",1,1,14,457.557142857143,415.1,117.283054807824,31.345214883222,67.7172197638039,127.499999999976,"rand-struct"
"l6268","D1-2","struct",10,2,10,574.5,544,157.985674456062,49.9594568959039,113.016143266577,57.15,"rand-struct"
"l6268","D2-3","struct",2,2,14,543.171428571428,486.849999999991,124.455011510624,33.2620009385545,71.8581842788891,-36.45,"rand-struct"
"l6268","D1-3","struct",9,2,11,535.890909090903,523.300000000047,88.0819556384394,26.5577088775848,59.1742629698874,20.6999999999534,"rand-struct"
"l6268","D1-2","struct",12,3,13,607.376923076934,615,179.823047993702,49.8739400039626,108.665980346687,173.1,"rand-struct"
"l6268","D2-3","struct",7,3,17,482.211764705878,441.900000000023,132.438489884702,32.1210519230543,68.0935881882439,-77.75,"rand-struct"
"l6268","D1-3","struct",6,3,12,556.466666666684,519.650000000023,106.21563258796,30.6618120334027,67.4861932670385,95.3499999999767,"rand-struct"
"l6268","D1-2","struct",5,4,14,584.957142857149,559.850000000035,153.787124169873,41.1013377957804,88.7940419126935,72.65,"rand-struct"
"l6268","D2-3","struct",3,4,15,523.099999999998,487.199999999983,176.860025363074,45.6650621894004,97.9418174867647,-85,"rand-struct"
"l6268","D1-3","struct",11,4,15,585.233333333318,572.20000000007,153.783166767224,39.7066429210998,85.1622791590806,-12.3500000000349,"rand-struct"
"n4711","D1-2","rand",2,1,13,507.138461538461,506.900000000009,71.510599895655,19.8334718971518,43.2134230263588,-120.8,"rand-struct"
"n4711","D2-3","rand",10,1,5,618.099999999953,627.699999999953,190.39728201838,85.1482530648592,236.409450438071,118.05,"rand-struct"
"n4711","D1-3","rand",6,1,16,541.037500000002,509.649999999994,137.336709707687,34.3341774269218,73.1815668737811,-2.74999999998545,"rand-struct"
"n4711","D1-2","rand",9,2,15,622.419999999995,667.099999999977,156.207125317673,40.332506327619,86.5046226618377,99.85,"rand-struct"
"n4711","D2-3","rand",8,2,14,631.535714285727,567.25,145.191203416227,38.8039813397804,83.8309050324285,87.55,"rand-struct"
"n4711","D1-3","rand",1,2,18,495.955555555556,479.700000000004,161.247840741485,38.0064805466641,80.1866647159709,187.399999999972,"rand-struct"
"n4711","D1-2","rand",3,3,15,565.520000000001,535.399999999994,77.253064664128,19.9466555258435,42.7813212403113,-9.3,"rand-struct"
"n4711","D2-3","rand",5,3,13,569.5,544.700000000012,92.4819081406365,25.6498662964473,55.8862577659485,44.4,"rand-struct"
"n4711","D1-3","rand",12,3,16,505.693750000006,500.299999999988,125.849674711543,31.4624186778857,67.0605579931908,35.1000000000058,"rand-struct"
"n4711","D1-2","rand",4,4,15,652.026666666664,643.399999999994,148.559514128493,38.3579016093545,82.2695167482044,51.4,"rand-struct"
"n4711","D2-3","rand",11,4,10,582.129999999993,592,82.3516045853156,26.0418639459163,58.910789057871,83.5,"rand-struct"
"n4711","D1-3","rand",7,4,13,557.884615384615,508.5,133.009303221967,36.8901432985032,80.3767175070412,134.899999999994,"rand-struct"
"n4711","D1-2","struct",1,1,17,497.188235294118,486.700000000004,95.0864533092973,23.0618523858585,48.8889430826398,-106.95,"rand-struct"
"n4711","D2-3","struct",12,1,14,616.57142857142,593.649999999965,84.0378799989752,22.4600681762134,48.5220273099088,50.25,"rand-struct"
"n4711","D1-3","struct",9,1,13,571.815384615374,543.400000000023,130.559851193196,36.2107875380014,78.8965284601516,-56.7000000000189,"rand-struct"
"n4711","D1-2","struct",4,2,13,568.453846153848,627.899999999994,129.627476610123,35.9521933559084,78.3331001385301,89.1,"rand-struct"
"n4711","D2-3","struct",2,2,14,558.228571428572,538.799999999996,99.4591019818337,26.5815631151593,57.4259757937777,-97.1,"rand-struct"
"n4711","D1-3","struct",11,2,14,612.899999999998,635.899999999965,103.870459263876,27.7605479408773,59.973017657704,-7.9999999999709,"rand-struct"
"n4711","D1-2","struct",3,3,17,522.394117647058,521.399999999994,95.4654222126321,23.1537658456981,49.0837909132236,74,"rand-struct"
"n4711","D2-3","struct",10,3,17,464.723529411761,447.400000000023,64.7005557299519,15.692189724162,33.2659561526363,-80.2,"rand-struct"
"n4711","D1-3","struct",7,3,16,557.637500000008,527.600000000006,87.6311350681571,21.9077837670393,46.6953357544777,-6.20000000001164,"rand-struct"
"n4711","D1-2","struct",6,4,18,514.366666666665,485.999999999971,96.4263083456824,22.7278988386723,47.9516750212506,0,"rand-struct"
"n4711","D2-3","struct",8,4,16,501.412499999988,486,89.0170985448004,22.2542746362001,47.4338635600911,-60.25,"rand-struct"
"n4711","D1-3","struct",5,4,18,556.055555555552,546.25,121.699186628932,28.684773376735,60.5195817168539,-60.2500000000291,"rand-struct"
"h5760","D1-2","rand",8,1,10,755.989999999996,725.600000000006,116.818847889473,36.9413632967489,83.5671695852712,170.8,"struct-rand"
"h5760","D2-3","rand",4,1,13,631.530769230769,554.799999999988,149.85043312481,41.5610323293838,90.5537104534758,17.4,"struct-rand"
"h5760","D1-3","rand",3,1,17,545.499999999998,537.399999999994,114.901300036157,27.8676586217565,59.0767971891505,188.200000000012,"struct-rand"
"h5760","D1-2","rand",2,2,16,569.493749999999,514.199999999997,159.091770031217,39.7729425078043,84.7740202338345,-72.2,"struct-rand"
"h5760","D2-3","rand",5,2,15,594.680000000005,586.400000000023,110.908251657449,28.636387441752,61.4189425751262,132.2,"struct-rand"
"h5760","D1-3","rand",1,2,16,497.43125,454.200000000001,154.648981972079,38.6622454930196,82.4066255864171,59.9999999999964,"struct-rand"
"h5760","D1-2","rand",12,3,11,577.700000000006,535.100000000093,152.872123030986,46.0926793635298,102.700889682027,-61.9,"struct-rand"
"h5760","D2-3","rand",10,3,12,629.166666666676,597,163.44270240577,47.1818441155257,103.846538724029,-9.2,"struct-rand"
"h5760","D1-3","rand",9,3,16,618.493749999994,606.199999999953,128.754828873859,32.1887072184647,68.6086053729531,-71.0999999998603,"struct-rand"
"h5760","D1-2","rand",6,4,12,692.916666666667,700.349999999977,167.80732367448,48.4418017477257,106.619686774846,5.25,"struct-rand"
"h5760","D2-3","rand",7,4,15,663.073333333336,695.100000000035,135.943231149033,35.1003913513219,75.2828521110205,121.8,"struct-rand"
"h5760","D1-3","rand",11,4,8,560.324999999983,573.299999999988,78.2097865633513,27.6513352170491,65.3850178431559,127.049999999988,"struct-rand"
"h5760","D1-2","struct",8,1,16,619.656250000004,599.699999999983,113.398089159381,28.3495222898453,60.4255764015274,142.9,"struct-rand"
"h5760","D2-3","struct",4,1,17,479.376470588235,456.800000000017,137.908350587493,33.4476880074672,70.905931053729,8.1,"struct-rand"
"h5760","D1-3","struct",1,1,18,460.694444444444,448.699999999997,99.54584797807,23.4631813814195,49.5029855840475,150.999999999985,"struct-rand"
"h5760","D1-2","struct",10,2,13,559.676923076909,560.5,155.339821862958,43.0835148344875,93.8709148685397,185.6,"struct-rand"
"h5760","D2-3","struct",2,2,17,407.070588235292,374.899999999994,117.242946294789,28.4355912607079,60.2807606000642,-124.6,"struct-rand"
"h5760","D1-3","struct",9,2,17,507.782352941166,499.5,103.883728485826,25.1955050194144,53.4120846072123,61,"struct-rand"
"h5760","D1-2","struct",12,3,16,636.450000000012,641.950000000012,190.178400455982,47.5446001139954,101.338916306797,218.95,"struct-rand"
"h5760","D2-3","struct",7,3,16,425.518750000003,423.000000000029,101.686349255936,25.4215873139839,54.1848307277992,73,"struct-rand"
"h5760","D1-3","struct",6,3,12,390.341666666674,350,196.041611808841,56.5923386751012,124.558897598778,291.950000000012,"struct-rand"
"h5760","D1-2","struct",5,4,16,560.318749999991,543.450000000012,74.6943747882048,18.6735936970512,39.8018227995477,68.95,"struct-rand"
"h5760","D2-3","struct",3,4,15,454.526666666668,474.5,93.7232435469116,24.1992374273154,51.9022022918683,130.1,"struct-rand"
"h5760","D1-3","struct",11,4,15,328.173333333332,344.400000000023,100.154961838884,25.8598999494692,55.4639691625077,199.049999999988,"struct-rand"
"d5450","D1-2","rand",8,1,18,537.927777777775,491.650000000023,113.566305097929,26.7678348163486,56.4751948804013,5.45,"rand-struct"
"d5450","D2-3","rand",4,1,17,493.970588235296,486.200000000012,83.8251809176771,20.3305926476525,43.0989310900672,57,"rand-struct"
"d5450","D1-3","rand",3,1,18,433.96111111111,429.199999999997,59.4838993429812,14.02048953228,29.5806472240533,62.4500000000262,"rand-struct"
"d5450","D1-2","rand",2,2,17,490.235294117647,458.700000000012,97.8302032936182,23.7273095032492,50.2996491522008,31.95,"rand-struct"
"d5450","D2-3","rand",5,2,18,433.983333333337,426.750000000029,64.6490457597543,15.2379262179872,32.1492141085841,40.05,"rand-struct"
"d5450","D1-3","rand",1,2,19,426.436842105264,386.700000000004,116.305733165874,26.6823651276028,56.0575689823397,72.0000000000073,"rand-struct"
"d5450","D1-2","rand",12,3,16,534.924999999996,489.399999999965,146.705634974705,36.6764087436764,78.1739147494735,-75.1,"rand-struct"
"d5450","D2-3","rand",10,3,17,562.947058823514,564.5,134.00257981495,32.5003994519,68.8977690248904,114.1,"rand-struct"
"d5450","D1-3","rand",9,3,15,492.339999999998,450.400000000023,120.195815234983,31.0344260459275,66.5622238504749,38.9999999999418,"rand-struct"
"d5450","D1-2","rand",6,4,18,547.816666666667,499.649999999994,122.710981578673,28.9232557334457,61.0227355080804,23.3,"rand-struct"
"d5450","D2-3","rand",7,4,16,502.418750000004,476.350000000006,117.838981771737,29.4597454429342,62.7919610366488,-87.15,"rand-struct"
"d5450","D1-3","rand",11,4,18,572.41666666666,563.5,106.700268757588,25.1494945309726,53.0607953360797,-63.8500000000058,"rand-struct"
"d5450","D1-2","struct",8,1,16,566.325000000008,575.100000000006,83.2094105255003,20.8023526313751,44.3391650627186,141.4,"rand-struct"
"d5450","D2-3","struct",4,1,18,455.544444444441,433.699999999983,128.557582530726,30.3013127934751,63.9301817604738,51.4,"rand-struct"
"d5450","D1-3","struct",1,1,18,438.605555555556,382.300000000003,138.794602676134,32.7142015814623,69.0209321129484,192.800000000003,"rand-struct"
"d5450","D1-2","struct",10,2,16,495.73124999999,486.400000000023,65.8568014077933,16.4642003519483,35.0926123581653,9.5,"rand-struct"
"d5450","D2-3","struct",2,2,17,484.476470588236,476.900000000009,115.473739056829,28.0064954774304,59.3711181752209,25.8,"rand-struct"
"d5450","D1-3","struct",9,2,18,456.866666666672,451.100000000035,84.6361068825443,19.9489217032922,42.088545770583,35.2999999999884,"rand-struct"
"d5450","D1-2","struct",12,3,18,590.205555555559,602.95000000007,97.3626663092583,22.9486005272265,48.4173148818164,213.4,"rand-struct"
"d5450","D2-3","struct",7,3,18,411.472222222222,389.549999999988,78.4285872667214,18.4857952983932,39.0016188891879,-183.45,"rand-struct"
"d5450","D1-3","struct",6,3,18,556.833333333337,573.000000000029,80.7323974622301,19.0288085689968,40.1472767464776,29.9500000000407,"rand-struct"
"d5450","D1-2","struct",5,4,16,446.381249999999,487.899999999994,162.36895934363,40.5922398359074,86.5203111514982,14.05,"rand-struct"
"d5450","D2-3","struct",3,4,16,475.574999999997,473.850000000006,87.9201797086441,21.980044927161,46.8493567713808,-10.15,"rand-struct"
"d5450","D1-3","struct",11,4,17,503.217647058828,484,91.9283704528586,22.2959047863556,47.2652067075278,3.89999999999418,"rand-struct"
